<?xml version="1.0" encoding="UTF-8"?>
<zabbix_export>
    <version>5.2</version>
    <date>2021-07-19T01:25:46Z</date>
    <groups>
        <group>
            <name>Templates/Applications</name>
        </group>
    </groups>
    <templates>
        <template>
            <template>Template TYPO3 8</template>
            <name>Template TYPO3 8</name>
            <templates>
                <template>
                    <name>Template App HTTP Service</name>
                </template>
            </templates>
            <groups>
                <group>
                    <name>Templates/Applications</name>
                </group>
            </groups>
            <applications>
                <application>
                    <name>TYPO3</name>
                </application>
            </applications>
            <items>
                <item>
                    <name>TYPO3 failed logins</name>
                    <type>HTTP_AGENT</type>
                    <key>typo3_FailedLogins</key>
                    <applications>
                        <application>
                            <name>TYPO3</name>
                        </application>
                    </applications>
                    <preprocessing>
                        <step>
                            <type>JSONPATH</type>
                            <parameters>
                                <parameter>$.value</parameter>
                            </parameters>
                        </step>
                    </preprocessing>
                    <url>https://{HOST.HOST}/index.php?eID=zabbixclient</url>
                    <query_fields>
                        <query_field>
                            <name>operation</name>
                            <value>GetLogResults</value>
                        </query_field>
                        <query_field>
                            <name>filter</name>
                            <value>FailedLogins</value>
                        </query_field>
                    </query_fields>
                    <posts>key={$TYPO3_CLIENT_KEY}</posts>
                    <follow_redirects>NO</follow_redirects>
                    <request_method>POST</request_method>
                    <verify_peer>YES</verify_peer>
                </item>
                <item>
                    <name>TYPO3 application context</name>
                    <type>HTTP_AGENT</type>
                    <key>typo3_GetApplicationContext</key>
                    <delay>5m</delay>
                    <trends>0</trends>
                    <value_type>TEXT</value_type>
                    <applications>
                        <application>
                            <name>TYPO3</name>
                        </application>
                    </applications>
                    <preprocessing>
                        <step>
                            <type>JSONPATH</type>
                            <parameters>
                                <parameter>$.value</parameter>
                            </parameters>
                        </step>
                    </preprocessing>
                    <url>https://{HOST.HOST}/index.php?eID=zabbixclient</url>
                    <query_fields>
                        <query_field>
                            <name>operation</name>
                            <value>GetApplicationContext</value>
                        </query_field>
                    </query_fields>
                    <posts>key={$TYPO3_CLIENT_KEY}</posts>
                    <follow_redirects>NO</follow_redirects>
                    <request_method>POST</request_method>
                    <verify_peer>YES</verify_peer>
                    <triggers>
                        <trigger>
                            <expression>{str(Production)}=0</expression>
                            <name>TYPO3 Application Context is not Production</name>
                            <event_name>TYPO3 Application Context is not Production on {HOST.HOST}</event_name>
                            <priority>WARNING</priority>
                        </trigger>
                    </triggers>
                </item>
                <item>
                    <name>TYPO3 database version</name>
                    <type>HTTP_AGENT</type>
                    <key>typo3_GetDatabaseVersion</key>
                    <trends>0</trends>
                    <value_type>TEXT</value_type>
                    <applications>
                        <application>
                            <name>TYPO3</name>
                        </application>
                    </applications>
                    <preprocessing>
                        <step>
                            <type>JSONPATH</type>
                            <parameters>
                                <parameter>$.value[0]</parameter>
                            </parameters>
                        </step>
                    </preprocessing>
                    <url>https://{HOST.HOST}/index.php?eID=zabbixclient</url>
                    <query_fields>
                        <query_field>
                            <name>operation</name>
                            <value>GetDatabaseVersion</value>
                        </query_field>
                    </query_fields>
                    <posts>key={$TYPO3_CLIENT_KEY}</posts>
                    <follow_redirects>NO</follow_redirects>
                    <request_method>POST</request_method>
                    <verify_peer>YES</verify_peer>
                </item>
                <item>
                    <name>TYPO3 GraphicsMagick version</name>
                    <type>HTTP_AGENT</type>
                    <key>typo3_GetGraphicsMagickVersion</key>
                    <delay>1d</delay>
                    <trends>0</trends>
                    <value_type>TEXT</value_type>
                    <applications>
                        <application>
                            <name>TYPO3</name>
                        </application>
                    </applications>
                    <preprocessing>
                        <step>
                            <type>JSONPATH</type>
                            <parameters>
                                <parameter>$.value</parameter>
                            </parameters>
                        </step>
                    </preprocessing>
                    <url>https://{HOST.HOST}/index.php?eID=zabbixclient</url>
                    <query_fields>
                        <query_field>
                            <name>operation</name>
                            <value>GetProgramVersion</value>
                        </query_field>
                        <query_field>
                            <name>program</name>
                            <value>gm</value>
                        </query_field>
                    </query_fields>
                    <posts>key={$TYPO3_CLIENT_KEY}</posts>
                    <follow_redirects>NO</follow_redirects>
                    <request_method>POST</request_method>
                    <verify_peer>YES</verify_peer>
                </item>
                <item>
                    <name>TYPO3 ImageMagick version</name>
                    <type>HTTP_AGENT</type>
                    <key>typo3_GetImageMagickVersion</key>
                    <delay>1d</delay>
                    <trends>0</trends>
                    <value_type>TEXT</value_type>
                    <applications>
                        <application>
                            <name>TYPO3</name>
                        </application>
                    </applications>
                    <preprocessing>
                        <step>
                            <type>JSONPATH</type>
                            <parameters>
                                <parameter>$.value</parameter>
                            </parameters>
                        </step>
                    </preprocessing>
                    <url>https://{HOST.HOST}/index.php?eID=zabbixclient</url>
                    <query_fields>
                        <query_field>
                            <name>operation</name>
                            <value>GetProgramVersion</value>
                        </query_field>
                        <query_field>
                            <name>program</name>
                            <value>im</value>
                        </query_field>
                    </query_fields>
                    <posts>key={$TYPO3_CLIENT_KEY}</posts>
                    <follow_redirects>NO</follow_redirects>
                    <request_method>POST</request_method>
                    <verify_peer>YES</verify_peer>
                </item>
                <item>
                    <name>TYPO3 insecure extensions</name>
                    <type>HTTP_AGENT</type>
                    <key>typo3_GetInsecureExtensionList</key>
                    <delay>1d</delay>
                    <history>30d</history>
                    <trends>0</trends>
                    <value_type>TEXT</value_type>
                    <applications>
                        <application>
                            <name>TYPO3</name>
                        </application>
                    </applications>
                    <preprocessing>
                        <step>
                            <type>JSONPATH</type>
                            <parameters>
                                <parameter>$.value</parameter>
                            </parameters>
                        </step>
                    </preprocessing>
                    <url>https://{HOST.HOST}/index.php?eID=zabbixclient</url>
                    <query_fields>
                        <query_field>
                            <name>operation</name>
                            <value>GetInsecureExtensionList</value>
                        </query_field>
                    </query_fields>
                    <posts>key={$TYPO3_CLIENT_KEY}</posts>
                    <follow_redirects>NO</follow_redirects>
                    <request_method>POST</request_method>
                    <verify_peer>YES</verify_peer>
                    <triggers>
                        <trigger>
                            <expression>{str(false)}=0</expression>
                            <name>TYPO3 Insecure Extensions detected</name>
                            <event_name>TYPO3 Insecure Extensions detected on {HOST.HOST}</event_name>
                            <priority>HIGH</priority>
                        </trigger>
                    </triggers>
                </item>
                <item>
                    <name>TYPO3 jpegoptim version</name>
                    <type>HTTP_AGENT</type>
                    <key>typo3_GetJpegoptimVersion</key>
                    <delay>1d</delay>
                    <trends>0</trends>
                    <value_type>TEXT</value_type>
                    <applications>
                        <application>
                            <name>TYPO3</name>
                        </application>
                    </applications>
                    <preprocessing>
                        <step>
                            <type>JSONPATH</type>
                            <parameters>
                                <parameter>$.value</parameter>
                            </parameters>
                        </step>
                    </preprocessing>
                    <url>https://{HOST.HOST}/index.php?eID=zabbixclient</url>
                    <query_fields>
                        <query_field>
                            <name>operation</name>
                            <value>GetProgramVersion</value>
                        </query_field>
                        <query_field>
                            <name>program</name>
                            <value>jpegoptim</value>
                        </query_field>
                    </query_fields>
                    <posts>key={$TYPO3_CLIENT_KEY}</posts>
                    <follow_redirects>NO</follow_redirects>
                    <request_method>POST</request_method>
                    <verify_peer>YES</verify_peer>
                </item>
                <item>
                    <name>TYPO3 last extension list update</name>
                    <type>HTTP_AGENT</type>
                    <key>typo3_GetLastExtensionListUpdate</key>
                    <delay>1d</delay>
                    <applications>
                        <application>
                            <name>TYPO3</name>
                        </application>
                    </applications>
                    <preprocessing>
                        <step>
                            <type>JSONPATH</type>
                            <parameters>
                                <parameter>$.value</parameter>
                            </parameters>
                        </step>
                    </preprocessing>
                    <url>https://{HOST.HOST}/index.php?eID=zabbixclient</url>
                    <query_fields>
                        <query_field>
                            <name>operation</name>
                            <value>GetLastExtensionListUpdate</value>
                        </query_field>
                    </query_fields>
                    <posts>key={$TYPO3_CLIENT_KEY}</posts>
                    <follow_redirects>NO</follow_redirects>
                    <request_method>POST</request_method>
                    <verify_peer>YES</verify_peer>
                    <triggers>
                        <trigger>
                            <expression>{fuzzytime(172800)}=0</expression>
                            <name>TYPO3 Extension List Update is more than 2 days overdue</name>
                            <event_name>TYPO3 Extension List Update is more than 2 days overdue on {HOST.HOST}</event_name>
                            <priority>AVERAGE</priority>
                        </trigger>
                    </triggers>
                </item>
                <item>
                    <name>TYPO3 last scheduler run</name>
                    <type>HTTP_AGENT</type>
                    <key>typo3_GetLastSchedulerRun</key>
                    <delay>1d</delay>
                    <applications>
                        <application>
                            <name>TYPO3</name>
                        </application>
                    </applications>
                    <preprocessing>
                        <step>
                            <type>JSONPATH</type>
                            <parameters>
                                <parameter>$.value</parameter>
                            </parameters>
                        </step>
                    </preprocessing>
                    <url>https://{HOST.HOST}/index.php?eID=zabbixclient</url>
                    <query_fields>
                        <query_field>
                            <name>operation</name>
                            <value>GetLastSchedulerRun</value>
                        </query_field>
                    </query_fields>
                    <posts>key={$TYPO3_CLIENT_KEY}</posts>
                    <request_method>POST</request_method>
                    <verify_peer>YES</verify_peer>
                    <triggers>
                        <trigger>
                            <expression>{fuzzytime(172800)}=0</expression>
                            <name>TYPO3 Scheduler is more than 2 days overdue</name>
                            <event_name>TYPO3 Scheduler is more than 2 days overdue on {HOST.HOST}</event_name>
                            <priority>AVERAGE</priority>
                        </trigger>
                    </triggers>
                </item>
                <item>
                    <name>TYPO3 OPcache active</name>
                    <type>HTTP_AGENT</type>
                    <key>typo3_GetOpCacheStatus</key>
                    <delay>1h</delay>
                    <trends>0</trends>
                    <value_type>TEXT</value_type>
                    <applications>
                        <application>
                            <name>TYPO3</name>
                        </application>
                    </applications>
                    <preprocessing>
                        <step>
                            <type>JSONPATH</type>
                            <parameters>
                                <parameter>$.value.OPcache.active</parameter>
                            </parameters>
                        </step>
                    </preprocessing>
                    <url>https://{HOST.HOST}/index.php?eID=zabbixclient</url>
                    <query_fields>
                        <query_field>
                            <name>operation</name>
                            <value>GetOpCacheStatus</value>
                        </query_field>
                    </query_fields>
                    <posts>key={$TYPO3_CLIENT_KEY}</posts>
                    <request_method>POST</request_method>
                    <verify_peer>YES</verify_peer>
                    <triggers>
                        <trigger>
                            <expression>{str(true)}=0</expression>
                            <name>TYPO3 OPcache not available</name>
                            <event_name>TYPO3 OPcache not available on {HOST.HOST}</event_name>
                            <priority>AVERAGE</priority>
                        </trigger>
                    </triggers>
                </item>
                <item>
                    <name>TYPO3 OpenSSL version</name>
                    <type>HTTP_AGENT</type>
                    <key>typo3_GetOpenSSLVersion</key>
                    <delay>1d</delay>
                    <trends>0</trends>
                    <value_type>TEXT</value_type>
                    <applications>
                        <application>
                            <name>TYPO3</name>
                        </application>
                    </applications>
                    <preprocessing>
                        <step>
                            <type>JSONPATH</type>
                            <parameters>
                                <parameter>$.value</parameter>
                            </parameters>
                        </step>
                    </preprocessing>
                    <url>https://{HOST.HOST}/index.php?eID=zabbixclient</url>
                    <query_fields>
                        <query_field>
                            <name>operation</name>
                            <value>GetProgramVersion</value>
                        </query_field>
                        <query_field>
                            <name>program</name>
                            <value>openssl</value>
                        </query_field>
                    </query_fields>
                    <posts>key={$TYPO3_CLIENT_KEY}</posts>
                    <follow_redirects>NO</follow_redirects>
                    <request_method>POST</request_method>
                    <verify_peer>YES</verify_peer>
                </item>
                <item>
                    <name>TYPO3 OptiPNG version</name>
                    <type>HTTP_AGENT</type>
                    <key>typo3_GetOptiPNGVersion</key>
                    <delay>1d</delay>
                    <trends>0</trends>
                    <value_type>TEXT</value_type>
                    <applications>
                        <application>
                            <name>TYPO3</name>
                        </application>
                    </applications>
                    <preprocessing>
                        <step>
                            <type>JSONPATH</type>
                            <parameters>
                                <parameter>$.value</parameter>
                            </parameters>
                        </step>
                    </preprocessing>
                    <url>https://{HOST.HOST}/index.php?eID=zabbixclient</url>
                    <query_fields>
                        <query_field>
                            <name>operation</name>
                            <value>GetProgramVersion</value>
                        </query_field>
                        <query_field>
                            <name>program</name>
                            <value>optipng</value>
                        </query_field>
                    </query_fields>
                    <posts>key={$TYPO3_CLIENT_KEY}</posts>
                    <follow_redirects>NO</follow_redirects>
                    <request_method>POST</request_method>
                    <verify_peer>YES</verify_peer>
                </item>
                <item>
                    <name>TYPO3 outdated extensions</name>
                    <type>HTTP_AGENT</type>
                    <key>typo3_GetOutdatedExtensionList</key>
                    <delay>1d</delay>
                    <trends>0</trends>
                    <value_type>TEXT</value_type>
                    <applications>
                        <application>
                            <name>TYPO3</name>
                        </application>
                    </applications>
                    <preprocessing>
                        <step>
                            <type>JSONPATH</type>
                            <parameters>
                                <parameter>$.value</parameter>
                            </parameters>
                        </step>
                    </preprocessing>
                    <url>https://{HOST.HOST}/index.php?eID=zabbixclient</url>
                    <query_fields>
                        <query_field>
                            <name>operation</name>
                            <value>GetOutdatedExtensionList</value>
                        </query_field>
                    </query_fields>
                    <posts>key={$TYPO3_CLIENT_KEY}</posts>
                    <follow_redirects>NO</follow_redirects>
                    <request_method>POST</request_method>
                    <verify_peer>YES</verify_peer>
                    <triggers>
                        <trigger>
                            <expression>{str(false)}=0</expression>
                            <name>TYPO3 Outdated Extensions detected</name>
                            <event_name>TYPO3 Outdated Extensions detected on {HOST.HOST}</event_name>
                            <priority>INFO</priority>
                        </trigger>
                    </triggers>
                </item>
                <item>
                    <name>PHP version</name>
                    <type>HTTP_AGENT</type>
                    <key>typo3_GetPHPVersion</key>
                    <delay>30s</delay>
                    <trends>0</trends>
                    <value_type>TEXT</value_type>
                    <applications>
                        <application>
                            <name>TYPO3</name>
                        </application>
                    </applications>
                    <preprocessing>
                        <step>
                            <type>JSONPATH</type>
                            <parameters>
                                <parameter>$.value</parameter>
                            </parameters>
                        </step>
                    </preprocessing>
                    <timeout>5s</timeout>
                    <url>https://{HOST.HOST}/index.php?eID=zabbixclient</url>
                    <query_fields>
                        <query_field>
                            <name>operation</name>
                            <value>GetPHPVersion</value>
                        </query_field>
                    </query_fields>
                    <posts>key={$TYPO3_CLIENT_KEY}</posts>
                    <follow_redirects>NO</follow_redirects>
                    <request_method>POST</request_method>
                    <verify_peer>YES</verify_peer>
                    <triggers>
                        <trigger>
                            <expression>{nodata(1000)}=1</expression>
                            <name>TYPO3 Zabbix client malfunction</name>
                            <event_name>TYPO3 Zabbix client malfunction on {HOST.HOST}</event_name>
                            <priority>HIGH</priority>
                        </trigger>
                    </triggers>
                </item>
                <item>
                    <name>TYPO3 total log files size (KB)</name>
                    <type>HTTP_AGENT</type>
                    <key>typo3_GetTotalLogFilesSize</key>
                    <delay>15m</delay>
                    <applications>
                        <application>
                            <name>TYPO3</name>
                        </application>
                    </applications>
                    <preprocessing>
                        <step>
                            <type>JSONPATH</type>
                            <parameters>
                                <parameter>$.value</parameter>
                            </parameters>
                        </step>
                    </preprocessing>
                    <url>https://{HOST.HOST}/index.php?eID=zabbixclient</url>
                    <query_fields>
                        <query_field>
                            <name>operation</name>
                            <value>GetTotalLogFilesSize</value>
                        </query_field>
                    </query_fields>
                    <posts>key={$TYPO3_CLIENT_KEY}</posts>
                    <follow_redirects>NO</follow_redirects>
                    <request_method>POST</request_method>
                    <verify_peer>YES</verify_peer>
                    <triggers>
                        <trigger>
                            <expression>{last()}&gt;10240</expression>
                            <name>TYPO3 log files are bigger than 10MB</name>
                            <event_name>TYPO3 log files are bigger than 10MB {HOST.HOST}</event_name>
                            <priority>WARNING</priority>
                        </trigger>
                        <trigger>
                            <expression>{last()}&gt;102400</expression>
                            <name>TYPO3 log files are bigger than 100MB</name>
                            <event_name>TYPO3 log files are bigger than 100MB {HOST.HOST}</event_name>
                            <priority>HIGH</priority>
                        </trigger>
                    </triggers>
                </item>
                <item>
                    <name>TYPO3 version</name>
                    <type>HTTP_AGENT</type>
                    <key>typo3_GetTYPO3Version</key>
                    <delay>1h</delay>
                    <trends>0</trends>
                    <value_type>TEXT</value_type>
                    <applications>
                        <application>
                            <name>TYPO3</name>
                        </application>
                    </applications>
                    <preprocessing>
                        <step>
                            <type>JSONPATH</type>
                            <parameters>
                                <parameter>$.value</parameter>
                            </parameters>
                        </step>
                    </preprocessing>
                    <url>https://{HOST.HOST}/index.php?eID=zabbixclient</url>
                    <query_fields>
                        <query_field>
                            <name>operation</name>
                            <value>GetTYPO3Version</value>
                        </query_field>
                    </query_fields>
                    <posts>key={$TYPO3_CLIENT_KEY}</posts>
                    <follow_redirects>NO</follow_redirects>
                    <request_method>POST</request_method>
                    <verify_peer>YES</verify_peer>
                </item>
                <item>
                    <name>TYPO3 WebP version</name>
                    <type>HTTP_AGENT</type>
                    <key>typo3_GetWebPVersion</key>
                    <delay>1d</delay>
                    <trends>0</trends>
                    <value_type>TEXT</value_type>
                    <applications>
                        <application>
                            <name>TYPO3</name>
                        </application>
                    </applications>
                    <preprocessing>
                        <step>
                            <type>JSONPATH</type>
                            <parameters>
                                <parameter>$.value</parameter>
                            </parameters>
                        </step>
                    </preprocessing>
                    <url>https://{HOST.HOST}/index.php?eID=zabbixclient</url>
                    <query_fields>
                        <query_field>
                            <name>operation</name>
                            <value>GetProgramVersion</value>
                        </query_field>
                        <query_field>
                            <name>program</name>
                            <value>webp</value>
                        </query_field>
                    </query_fields>
                    <posts>key={$TYPO3_CLIENT_KEY}</posts>
                    <follow_redirects>NO</follow_redirects>
                    <request_method>POST</request_method>
                    <verify_peer>YES</verify_peer>
                </item>
                <item>
                    <name>TYPO3 Zabbix extension version</name>
                    <type>HTTP_AGENT</type>
                    <key>typo3_GetZabbixExtensionVersion</key>
                    <delay>1d</delay>
                    <trends>0</trends>
                    <value_type>TEXT</value_type>
                    <applications>
                        <application>
                            <name>TYPO3</name>
                        </application>
                    </applications>
                    <preprocessing>
                        <step>
                            <type>JSONPATH</type>
                            <parameters>
                                <parameter>$.value</parameter>
                            </parameters>
                        </step>
                    </preprocessing>
                    <url>https://{HOST.HOST}/index.php?eID=zabbixclient</url>
                    <query_fields>
                        <query_field>
                            <name>operation</name>
                            <value>GetExtensionVersion</value>
                        </query_field>
                        <query_field>
                            <name>extensionKey</name>
                            <value>zabbix_client</value>
                        </query_field>
                    </query_fields>
                    <posts>key={$TYPO3_CLIENT_KEY}</posts>
                    <follow_redirects>NO</follow_redirects>
                    <request_method>POST</request_method>
                    <verify_peer>YES</verify_peer>
                </item>
                <item>
                    <name>TYPO3 zabbix client log file</name>
                    <type>HTTP_AGENT</type>
                    <key>typo3_GetZabbixLogFileSize</key>
                    <delay>5m</delay>
                    <applications>
                        <application>
                            <name>TYPO3</name>
                        </application>
                    </applications>
                    <preprocessing>
                        <step>
                            <type>JSONPATH</type>
                            <parameters>
                                <parameter>$.value</parameter>
                            </parameters>
                        </step>
                    </preprocessing>
                    <url>https://{HOST.HOST}/index.php?eID=zabbixclient</url>
                    <query_fields>
                        <query_field>
                            <name>operation</name>
                            <value>GetZabbixLogFileSize</value>
                        </query_field>
                    </query_fields>
                    <posts>key={$TYPO3_CLIENT_KEY}</posts>
                    <request_method>POST</request_method>
                    <verify_peer>YES</verify_peer>
                    <triggers>
                        <trigger>
                            <expression>{last()}&gt;0</expression>
                            <name>TYPO3 Zabbix log file increased</name>
                            <event_name>TYPO3 Zabbix log file increased on {HOST.HOST}</event_name>
                            <priority>HIGH</priority>
                            <description>An indicator of unauthorized access to the interface</description>
                        </trigger>
                    </triggers>
                </item>
                <item>
                    <name>TYPO3 forbidden users</name>
                    <type>HTTP_AGENT</type>
                    <key>typo3_HasForbiddenUsers</key>
                    <delay>1d</delay>
                    <trends>0</trends>
                    <value_type>TEXT</value_type>
                    <applications>
                        <application>
                            <name>TYPO3</name>
                        </application>
                    </applications>
                    <preprocessing>
                        <step>
                            <type>JSONPATH</type>
                            <parameters>
                                <parameter>$.value</parameter>
                            </parameters>
                        </step>
                    </preprocessing>
                    <url>https://{HOST.HOST}/index.php?eID=zabbixclient</url>
                    <query_fields>
                        <query_field>
                            <name>operation</name>
                            <value>HasForbiddenUsers</value>
                        </query_field>
                        <query_field>
                            <name>usernames</name>
                            <value>{$TYPO3_FORBIDDEN_USERS}</value>
                        </query_field>
                    </query_fields>
                    <posts>key={$TYPO3_CLIENT_KEY}</posts>
                    <follow_redirects>NO</follow_redirects>
                    <request_method>POST</request_method>
                    <verify_peer>YES</verify_peer>
                    <triggers>
                        <trigger>
                            <expression>{str(false)}=0</expression>
                            <name>TYPO3 Has forbidden user</name>
                            <event_name>TYPO3 Has forbidden user on {HOST.HOST}</event_name>
                            <priority>HIGH</priority>
                        </trigger>
                    </triggers>
                </item>
                <item>
                    <name>TYPO3 has remaining updates</name>
                    <type>HTTP_AGENT</type>
                    <key>typo3_HasRemainingUpdates</key>
                    <delay>8h</delay>
                    <trends>0</trends>
                    <value_type>TEXT</value_type>
                    <applications>
                        <application>
                            <name>TYPO3</name>
                        </application>
                    </applications>
                    <preprocessing>
                        <step>
                            <type>JSONPATH</type>
                            <parameters>
                                <parameter>$.value</parameter>
                            </parameters>
                        </step>
                    </preprocessing>
                    <url>https://{HOST.HOST}/index.php?eID=zabbixclient</url>
                    <query_fields>
                        <query_field>
                            <name>operation</name>
                            <value>HasRemainingUpdates</value>
                        </query_field>
                    </query_fields>
                    <posts>key={$TYPO3_CLIENT_KEY}</posts>
                    <request_method>POST</request_method>
                    <verify_peer>YES</verify_peer>
                    <triggers>
                        <trigger>
                            <expression>{str(false)}=0</expression>
                            <name>TYPO3 Has remaining updates</name>
                            <event_name>TYPO3 Has remaining updates on {HOST.HOST}</event_name>
                            <priority>HIGH</priority>
                        </trigger>
                    </triggers>
                </item>
                <item>
                    <name>TYPO3 security update available</name>
                    <type>HTTP_AGENT</type>
                    <key>typo3_HasSecurityUpdate</key>
                    <delay>1h</delay>
                    <trends>0</trends>
                    <value_type>TEXT</value_type>
                    <applications>
                        <application>
                            <name>TYPO3</name>
                        </application>
                    </applications>
                    <preprocessing>
                        <step>
                            <type>JSONPATH</type>
                            <parameters>
                                <parameter>$.value</parameter>
                            </parameters>
                        </step>
                    </preprocessing>
                    <url>https://{HOST.HOST}/index.php?eID=zabbixclient</url>
                    <query_fields>
                        <query_field>
                            <name>operation</name>
                            <value>HasSecurityUpdate</value>
                        </query_field>
                    </query_fields>
                    <posts>key={$TYPO3_CLIENT_KEY}</posts>
                    <follow_redirects>NO</follow_redirects>
                    <request_method>POST</request_method>
                    <verify_peer>YES</verify_peer>
                    <triggers>
                        <trigger>
                            <expression>{str(true)}=1</expression>
                            <name>TYPO3 Security Update available</name>
                            <event_name>TYPO3 Security Update available on {HOST.HOST}</event_name>
                            <priority>HIGH</priority>
                        </trigger>
                    </triggers>
                </item>
                <item>
                    <name>TYPO3 update available</name>
                    <type>HTTP_AGENT</type>
                    <key>typo3_HasUpdate</key>
                    <delay>1h</delay>
                    <trends>0</trends>
                    <value_type>TEXT</value_type>
                    <applications>
                        <application>
                            <name>TYPO3</name>
                        </application>
                    </applications>
                    <preprocessing>
                        <step>
                            <type>JSONPATH</type>
                            <parameters>
                                <parameter>$.value</parameter>
                            </parameters>
                        </step>
                    </preprocessing>
                    <url>https://{HOST.HOST}/index.php?eID=zabbixclient</url>
                    <query_fields>
                        <query_field>
                            <name>operation</name>
                            <value>HasUpdate</value>
                        </query_field>
                    </query_fields>
                    <posts>key={$TYPO3_CLIENT_KEY}</posts>
                    <follow_redirects>NO</follow_redirects>
                    <request_method>POST</request_method>
                    <verify_peer>YES</verify_peer>
                    <triggers>
                        <trigger>
                            <expression>{str(true)}=1</expression>
                            <name>TYPO3 Update available</name>
                            <event_name>TYPO3 Update available on {HOST.HOST}</event_name>
                            <priority>INFO</priority>
                        </trigger>
                    </triggers>
                </item>
                <item>
                    <name>TYPO3 other exceptions</name>
                    <type>HTTP_AGENT</type>
                    <key>typo3_OtherExceptions</key>
                    <applications>
                        <application>
                            <name>TYPO3</name>
                        </application>
                    </applications>
                    <preprocessing>
                        <step>
                            <type>JSONPATH</type>
                            <parameters>
                                <parameter>$.value</parameter>
                            </parameters>
                        </step>
                    </preprocessing>
                    <url>https://{HOST.HOST}/index.php?eID=zabbixclient</url>
                    <query_fields>
                        <query_field>
                            <name>operation</name>
                            <value>GetLogResults</value>
                        </query_field>
                        <query_field>
                            <name>filter</name>
                            <value>OtherExceptions</value>
                        </query_field>
                    </query_fields>
                    <posts>key={$TYPO3_CLIENT_KEY}</posts>
                    <follow_redirects>NO</follow_redirects>
                    <request_method>POST</request_method>
                    <verify_peer>YES</verify_peer>
                </item>
                <item>
                    <name>TYPO3 PageNotFoundExceptions</name>
                    <type>HTTP_AGENT</type>
                    <key>typo3_PageNotFoundException</key>
                    <delay>30s</delay>
                    <applications>
                        <application>
                            <name>TYPO3</name>
                        </application>
                    </applications>
                    <preprocessing>
                        <step>
                            <type>JSONPATH</type>
                            <parameters>
                                <parameter>$.value</parameter>
                            </parameters>
                        </step>
                    </preprocessing>
                    <url>https://{HOST.HOST}/index.php?eID=zabbixclient</url>
                    <query_fields>
                        <query_field>
                            <name>operation</name>
                            <value>GetLogResults</value>
                        </query_field>
                        <query_field>
                            <name>filter</name>
                            <value>PageNotFoundException</value>
                        </query_field>
                    </query_fields>
                    <posts>key={$TYPO3_CLIENT_KEY}</posts>
                    <follow_redirects>NO</follow_redirects>
                    <request_method>POST</request_method>
                    <verify_peer>YES</verify_peer>
                </item>
                <item>
                    <name>TYPO3 PSI Accessibility worsened pages [Desktop]</name>
                    <type>HTTP_AGENT</type>
                    <key>typo3_PageSpeedInsights_accessibility_desktop</key>
                    <delay>1d</delay>
                    <trends>0</trends>
                    <value_type>TEXT</value_type>
                    <applications>
                        <application>
                            <name>TYPO3</name>
                        </application>
                    </applications>
                    <preprocessing>
                        <step>
                            <type>JSONPATH</type>
                            <parameters>
                                <parameter>$.value</parameter>
                            </parameters>
                        </step>
                    </preprocessing>
                    <url>https://{HOST.HOST}/index.php?eID=zabbixclient</url>
                    <query_fields>
                        <query_field>
                            <name>operation</name>
                            <value>PageSpeedInsights_GetDegradedPageUids</value>
                        </query_field>
                        <query_field>
                            <name>strategy</name>
                            <value>desktop</value>
                        </query_field>
                        <query_field>
                            <name>field</name>
                            <value>accessibility_score</value>
                        </query_field>
                    </query_fields>
                    <posts>key={$TYPO3_CLIENT_KEY}</posts>
                    <follow_redirects>NO</follow_redirects>
                    <request_method>POST</request_method>
                    <verify_peer>YES</verify_peer>
                    <triggers>
                        <trigger>
                            <expression>{strlen()}&gt;0</expression>
                            <name>TYPO3 PSI accessibility worsened pages [desktop]</name>
                            <event_name>TYPO3 PSI accessibility worsened pages [desktop] on {HOST.HOST}</event_name>
                            <priority>WARNING</priority>
                        </trigger>
                    </triggers>
                </item>
                <item>
                    <name>TYPO3 PSI Accessibility worsened pages [Mobile]</name>
                    <type>HTTP_AGENT</type>
                    <key>typo3_PageSpeedInsights_accessibility_mobile</key>
                    <delay>1d</delay>
                    <trends>0</trends>
                    <value_type>TEXT</value_type>
                    <applications>
                        <application>
                            <name>TYPO3</name>
                        </application>
                    </applications>
                    <preprocessing>
                        <step>
                            <type>JSONPATH</type>
                            <parameters>
                                <parameter>$.value</parameter>
                            </parameters>
                        </step>
                    </preprocessing>
                    <url>https://{HOST.HOST}/index.php?eID=zabbixclient</url>
                    <query_fields>
                        <query_field>
                            <name>operation</name>
                            <value>PageSpeedInsights_GetDegradedPageUids</value>
                        </query_field>
                        <query_field>
                            <name>strategy</name>
                            <value>mobile</value>
                        </query_field>
                        <query_field>
                            <name>field</name>
                            <value>accessibility_score</value>
                        </query_field>
                    </query_fields>
                    <posts>key={$TYPO3_CLIENT_KEY}</posts>
                    <follow_redirects>NO</follow_redirects>
                    <request_method>POST</request_method>
                    <verify_peer>YES</verify_peer>
                    <triggers>
                        <trigger>
                            <expression>{strlen()}&gt;0</expression>
                            <name>TYPO3 PSI accessibility worsened pages [mobile]</name>
                            <event_name>TYPO3 PSI accessibility worsened pages [mobile] on {HOST.HOST}</event_name>
                            <priority>WARNING</priority>
                        </trigger>
                    </triggers>
                </item>
                <item>
                    <name>TYPO3 PSI Best Practices worsened pages [Desktop]</name>
                    <type>HTTP_AGENT</type>
                    <key>typo3_PageSpeedInsights_bestpractices_desktop</key>
                    <delay>1d</delay>
                    <trends>0</trends>
                    <value_type>TEXT</value_type>
                    <applications>
                        <application>
                            <name>TYPO3</name>
                        </application>
                    </applications>
                    <preprocessing>
                        <step>
                            <type>JSONPATH</type>
                            <parameters>
                                <parameter>$.value</parameter>
                            </parameters>
                        </step>
                    </preprocessing>
                    <url>https://{HOST.HOST}/index.php?eID=zabbixclient</url>
                    <query_fields>
                        <query_field>
                            <name>operation</name>
                            <value>PageSpeedInsights_GetDegradedPageUids</value>
                        </query_field>
                        <query_field>
                            <name>strategy</name>
                            <value>desktop</value>
                        </query_field>
                        <query_field>
                            <name>field</name>
                            <value>bestpractices_score</value>
                        </query_field>
                    </query_fields>
                    <posts>key={$TYPO3_CLIENT_KEY}</posts>
                    <follow_redirects>NO</follow_redirects>
                    <request_method>POST</request_method>
                    <verify_peer>YES</verify_peer>
                    <triggers>
                        <trigger>
                            <expression>{strlen()}&gt;0</expression>
                            <name>TYPO3 PSI best practices worsened pages [desktop]</name>
                            <event_name>TYPO3 PSI best practices worsened pages [desktop] on {HOST.HOST}</event_name>
                            <priority>WARNING</priority>
                        </trigger>
                    </triggers>
                </item>
                <item>
                    <name>TYPO3 PSI Best Practices worsened pages [Mobile]</name>
                    <type>HTTP_AGENT</type>
                    <key>typo3_PageSpeedInsights_bestpractices_mobile</key>
                    <delay>1d</delay>
                    <trends>0</trends>
                    <value_type>TEXT</value_type>
                    <applications>
                        <application>
                            <name>TYPO3</name>
                        </application>
                    </applications>
                    <preprocessing>
                        <step>
                            <type>JSONPATH</type>
                            <parameters>
                                <parameter>$.value</parameter>
                            </parameters>
                        </step>
                    </preprocessing>
                    <url>https://{HOST.HOST}/index.php?eID=zabbixclient</url>
                    <query_fields>
                        <query_field>
                            <name>operation</name>
                            <value>PageSpeedInsights_GetDegradedPageUids</value>
                        </query_field>
                        <query_field>
                            <name>strategy</name>
                            <value>mobile</value>
                        </query_field>
                        <query_field>
                            <name>field</name>
                            <value>bestpractices_score</value>
                        </query_field>
                    </query_fields>
                    <posts>key={$TYPO3_CLIENT_KEY}</posts>
                    <follow_redirects>NO</follow_redirects>
                    <request_method>POST</request_method>
                    <verify_peer>YES</verify_peer>
                    <triggers>
                        <trigger>
                            <expression>{strlen()}&gt;0</expression>
                            <name>TYPO3 PSI best practices worsened pages [mobile]</name>
                            <event_name>TYPO3 PSI best practices worsened pages [mobile] on {HOST.HOST}</event_name>
                            <priority>WARNING</priority>
                        </trigger>
                    </triggers>
                </item>
                <item>
                    <name>TYPO3 PSI Performace worsened pages [Desktop]</name>
                    <type>HTTP_AGENT</type>
                    <key>typo3_PageSpeedInsights_performance_desktop</key>
                    <delay>1d</delay>
                    <trends>0</trends>
                    <value_type>TEXT</value_type>
                    <applications>
                        <application>
                            <name>TYPO3</name>
                        </application>
                    </applications>
                    <preprocessing>
                        <step>
                            <type>JSONPATH</type>
                            <parameters>
                                <parameter>$.value</parameter>
                            </parameters>
                        </step>
                    </preprocessing>
                    <url>https://{HOST.HOST}/index.php?eID=zabbixclient</url>
                    <query_fields>
                        <query_field>
                            <name>operation</name>
                            <value>PageSpeedInsights_GetDegradedPageUids</value>
                        </query_field>
                        <query_field>
                            <name>strategy</name>
                            <value>desktop</value>
                        </query_field>
                        <query_field>
                            <name>field</name>
                            <value>performance_score</value>
                        </query_field>
                    </query_fields>
                    <posts>key={$TYPO3_CLIENT_KEY}</posts>
                    <request_method>POST</request_method>
                    <verify_peer>YES</verify_peer>
                    <triggers>
                        <trigger>
                            <expression>{strlen()}&gt;0</expression>
                            <name>TYPO3 PSI performance worsened pages [desktop]</name>
                            <event_name>TYPO3 PSI performance worsened pages [desktop] on {HOST.HOST}</event_name>
                            <priority>WARNING</priority>
                            <type>MULTIPLE</type>
                        </trigger>
                    </triggers>
                </item>
                <item>
                    <name>TYPO3 PSI Performace worsened pages [Mobile]</name>
                    <type>HTTP_AGENT</type>
                    <key>typo3_PageSpeedInsights_performance_mobile</key>
                    <delay>1d</delay>
                    <trends>0</trends>
                    <value_type>TEXT</value_type>
                    <applications>
                        <application>
                            <name>TYPO3</name>
                        </application>
                    </applications>
                    <preprocessing>
                        <step>
                            <type>JSONPATH</type>
                            <parameters>
                                <parameter>$.value</parameter>
                            </parameters>
                        </step>
                    </preprocessing>
                    <url>https://{HOST.HOST}/index.php?eID=zabbixclient</url>
                    <query_fields>
                        <query_field>
                            <name>operation</name>
                            <value>PageSpeedInsights_GetDegradedPageUids</value>
                        </query_field>
                        <query_field>
                            <name>strategy</name>
                            <value>desktop</value>
                        </query_field>
                        <query_field>
                            <name>field</name>
                            <value>performance_score</value>
                        </query_field>
                    </query_fields>
                    <posts>key={$TYPO3_CLIENT_KEY}</posts>
                    <follow_redirects>NO</follow_redirects>
                    <request_method>POST</request_method>
                    <verify_peer>YES</verify_peer>
                    <triggers>
                        <trigger>
                            <expression>{strlen()}&gt;0</expression>
                            <name>TYPO3 PSI performance worsened pages [mobile]</name>
                            <event_name>TYPO3 PSI performance worsened pages [mobile] on {HOST.HOST}</event_name>
                        </trigger>
                    </triggers>
                </item>
                <item>
                    <name>TYPO3 PSI SEO worsened pages [Desktop]</name>
                    <type>HTTP_AGENT</type>
                    <key>typo3_PageSpeedInsights_seo_desktop</key>
                    <delay>1d</delay>
                    <trends>0</trends>
                    <value_type>TEXT</value_type>
                    <applications>
                        <application>
                            <name>TYPO3</name>
                        </application>
                    </applications>
                    <preprocessing>
                        <step>
                            <type>JSONPATH</type>
                            <parameters>
                                <parameter>$.value</parameter>
                            </parameters>
                        </step>
                    </preprocessing>
                    <url>https://{HOST.HOST}/index.php?eID=zabbixclient</url>
                    <query_fields>
                        <query_field>
                            <name>operation</name>
                            <value>PageSpeedInsights_GetDegradedPageUids</value>
                        </query_field>
                        <query_field>
                            <name>strategy</name>
                            <value>desktop</value>
                        </query_field>
                        <query_field>
                            <name>field</name>
                            <value>seo_score</value>
                        </query_field>
                    </query_fields>
                    <posts>key={$TYPO3_CLIENT_KEY}</posts>
                    <follow_redirects>NO</follow_redirects>
                    <request_method>POST</request_method>
                    <verify_peer>YES</verify_peer>
                    <triggers>
                        <trigger>
                            <expression>{strlen()}&gt;0</expression>
                            <name>TYPO3 PSI SEO worsened pages [desktop]</name>
                            <event_name>TYPO3 PSI SEO worsened pages [desktop] on {HOST.HOST}</event_name>
                            <priority>WARNING</priority>
                        </trigger>
                    </triggers>
                </item>
                <item>
                    <name>TYPO3 PSI SEO worsened pages [Mobile]</name>
                    <type>HTTP_AGENT</type>
                    <key>typo3_PageSpeedInsights_seo_mobile</key>
                    <delay>1d</delay>
                    <trends>0</trends>
                    <value_type>TEXT</value_type>
                    <applications>
                        <application>
                            <name>TYPO3</name>
                        </application>
                    </applications>
                    <preprocessing>
                        <step>
                            <type>JSONPATH</type>
                            <parameters>
                                <parameter>$.value</parameter>
                            </parameters>
                        </step>
                    </preprocessing>
                    <url>https://{HOST.HOST}/index.php?eID=zabbixclient</url>
                    <query_fields>
                        <query_field>
                            <name>operation</name>
                            <value>PageSpeedInsights_GetDegradedPageUids</value>
                        </query_field>
                        <query_field>
                            <name>strategy</name>
                            <value>mobile</value>
                        </query_field>
                        <query_field>
                            <name>field</name>
                            <value>seo_score</value>
                        </query_field>
                    </query_fields>
                    <posts>key={$TYPO3_CLIENT_KEY}</posts>
                    <follow_redirects>NO</follow_redirects>
                    <request_method>POST</request_method>
                    <verify_peer>YES</verify_peer>
                    <triggers>
                        <trigger>
                            <expression>{strlen()}&gt;0</expression>
                            <name>TYPO3 PSI SEO worsened pages [mobile]</name>
                            <event_name>TYPO3 PSI SEO worsened pages [mobile] on {HOST.HOST}</event_name>
                            <priority>WARNING</priority>
                        </trigger>
                    </triggers>
                </item>
                <item>
                    <name>TYPO3 preset context value</name>
                    <type>HTTP_AGENT</type>
                    <key>typo3_preset_context</key>
                    <delay>1h</delay>
                    <history>30d</history>
                    <trends>0</trends>
                    <value_type>TEXT</value_type>
                    <applications>
                        <application>
                            <name>TYPO3</name>
                        </application>
                    </applications>
                    <preprocessing>
                        <step>
                            <type>JSONPATH</type>
                            <parameters>
                                <parameter>$.value</parameter>
                            </parameters>
                        </step>
                    </preprocessing>
                    <url>https://{HOST.HOST}/index.php?eID=zabbixclient</url>
                    <query_fields>
                        <query_field>
                            <name>operation</name>
                            <value>GetFeatureValue</value>
                        </query_field>
                        <query_field>
                            <name>feature</name>
                            <value>Context</value>
                        </query_field>
                    </query_fields>
                    <posts>key={$TYPO3_CLIENT_KEY}</posts>
                    <follow_redirects>NO</follow_redirects>
                    <request_method>POST</request_method>
                    <verify_peer>YES</verify_peer>
                    <triggers>
                        <trigger>
                            <expression>{str(Live)}=0</expression>
                            <name>TYPO3 context present is not Live</name>
                            <event_name>TYPO3 context present is not Live on {HOST.HOST}</event_name>
                            <priority>WARNING</priority>
                        </trigger>
                    </triggers>
                </item>
                <item>
                    <name>TYPO3 preset image processor value</name>
                    <type>HTTP_AGENT</type>
                    <key>typo3_preset_image</key>
                    <delay>1h</delay>
                    <history>30d</history>
                    <trends>0</trends>
                    <value_type>TEXT</value_type>
                    <applications>
                        <application>
                            <name>TYPO3</name>
                        </application>
                    </applications>
                    <preprocessing>
                        <step>
                            <type>JSONPATH</type>
                            <parameters>
                                <parameter>$.value</parameter>
                            </parameters>
                        </step>
                    </preprocessing>
                    <url>https://{HOST.HOST}/index.php?eID=zabbixclient</url>
                    <query_fields>
                        <query_field>
                            <name>operation</name>
                            <value>GetFeatureValue</value>
                        </query_field>
                        <query_field>
                            <name>feature</name>
                            <value>Image</value>
                        </query_field>
                    </query_fields>
                    <posts>key={$TYPO3_CLIENT_KEY}</posts>
                    <follow_redirects>NO</follow_redirects>
                    <request_method>POST</request_method>
                    <verify_peer>YES</verify_peer>
                </item>
                <item>
                    <name>TYPO3 preset mail value</name>
                    <type>HTTP_AGENT</type>
                    <key>typo3_preset_mail</key>
                    <delay>1h</delay>
                    <history>30d</history>
                    <trends>0</trends>
                    <value_type>TEXT</value_type>
                    <applications>
                        <application>
                            <name>TYPO3</name>
                        </application>
                    </applications>
                    <preprocessing>
                        <step>
                            <type>JSONPATH</type>
                            <parameters>
                                <parameter>$.value</parameter>
                            </parameters>
                        </step>
                    </preprocessing>
                    <url>https://{HOST.HOST}/index.php?eID=zabbixclient</url>
                    <query_fields>
                        <query_field>
                            <name>operation</name>
                            <value>GetFeatureValue</value>
                        </query_field>
                        <query_field>
                            <name>feature</name>
                            <value>Mail</value>
                        </query_field>
                    </query_fields>
                    <posts>key={$TYPO3_CLIENT_KEY}</posts>
                    <follow_redirects>NO</follow_redirects>
                    <request_method>POST</request_method>
                    <verify_peer>YES</verify_peer>
                </item>
                <item>
                    <name>TYPO3 preset password hashing value</name>
                    <type>HTTP_AGENT</type>
                    <key>typo3_preset_passwordhashing</key>
                    <delay>1h</delay>
                    <history>30d</history>
                    <trends>0</trends>
                    <value_type>TEXT</value_type>
                    <applications>
                        <application>
                            <name>TYPO3</name>
                        </application>
                    </applications>
                    <preprocessing>
                        <step>
                            <type>JSONPATH</type>
                            <parameters>
                                <parameter>$.value</parameter>
                            </parameters>
                        </step>
                    </preprocessing>
                    <url>https://{HOST.HOST}/index.php?eID=zabbixclient</url>
                    <query_fields>
                        <query_field>
                            <name>operation</name>
                            <value>GetFeatureValue</value>
                        </query_field>
                        <query_field>
                            <name>feature</name>
                            <value>passwordhashing</value>
                        </query_field>
                    </query_fields>
                    <posts>key={$TYPO3_CLIENT_KEY}</posts>
                    <follow_redirects>NO</follow_redirects>
                    <request_method>POST</request_method>
                    <verify_peer>YES</verify_peer>
                </item>
                <item>
                    <name>TYPO3 ServiceUnavailableExceptions</name>
                    <type>HTTP_AGENT</type>
                    <key>typo3_ServiceUnavailableException</key>
                    <delay>30s</delay>
                    <applications>
                        <application>
                            <name>TYPO3</name>
                        </application>
                    </applications>
                    <preprocessing>
                        <step>
                            <type>JSONPATH</type>
                            <parameters>
                                <parameter>$.value</parameter>
                            </parameters>
                        </step>
                    </preprocessing>
                    <url>https://{HOST.HOST}/index.php?eID=zabbixclient</url>
                    <query_fields>
                        <query_field>
                            <name>operation</name>
                            <value>GetLogResults</value>
                        </query_field>
                        <query_field>
                            <name>filter</name>
                            <value>ServiceUnavailableException</value>
                        </query_field>
                    </query_fields>
                    <posts>key={$TYPO3_CLIENT_KEY}</posts>
                    <follow_redirects>NO</follow_redirects>
                    <request_method>POST</request_method>
                    <verify_peer>YES</verify_peer>
                    <triggers>
                        <trigger>
                            <expression>{last()}&gt;0</expression>
                            <name>TYPO3 ServiceUnavailableExceptions increased</name>
                            <event_name>TYPO3 ServiceUnavailableExceptions increased on {HOST.HOST}</event_name>
                            <priority>WARNING</priority>
                        </trigger>
                    </triggers>
                </item>
                <item>
                    <name>TYPO3 Zabbix extension update available</name>
                    <type>HTTP_AGENT</type>
                    <key>typo3_ZabbixExtensionUpdateAvailable</key>
                    <delay>1d</delay>
                    <trends>0</trends>
                    <value_type>TEXT</value_type>
                    <applications>
                        <application>
                            <name>TYPO3</name>
                        </application>
                    </applications>
                    <preprocessing>
                        <step>
                            <type>JSONPATH</type>
                            <parameters>
                                <parameter>$.value</parameter>
                            </parameters>
                        </step>
                    </preprocessing>
                    <url>https://{HOST.HOST}/index.php?eID=zabbixclient</url>
                    <query_fields>
                        <query_field>
                            <name>operation</name>
                            <value>HasExtensionUpdate</value>
                        </query_field>
                        <query_field>
                            <name>extensionKey</name>
                            <value>zabbix_client</value>
                        </query_field>
                    </query_fields>
                    <posts>key={$TYPO3_CLIENT_KEY}</posts>
                    <follow_redirects>NO</follow_redirects>
                    <request_method>POST</request_method>
                    <verify_peer>YES</verify_peer>
                    <triggers>
                        <trigger>
                            <expression>{str(true)}&lt;&gt;0</expression>
                            <name>TYPO3 Zabbix extension update available</name>
                            <event_name>TYPO3 Zabbix extension update available on {HOST.HOST}</event_name>
                            <priority>HIGH</priority>
                        </trigger>
                    </triggers>
                </item>
            </items>
            <httptests>
                <httptest>
                    <name>Frontend</name>
                    <application>
                        <name>TYPO3</name>
                    </application>
                    <steps>
                        <step>
                            <name>Home</name>
                            <url>https://{HOST.HOST}/</url>
                            <status_codes>200</status_codes>
                        </step>
                    </steps>
                </httptest>
            </httptests>
        </template>
    </templates>
    <triggers>
        <trigger>
            <expression>{Template TYPO3 8:web.test.error[Frontend].strlen()}&gt;0 and {Template TYPO3 8:web.test.fail[Frontend].last()}&gt;0</expression>
            <name>Frontend failed</name>
            <event_name>Frontend failed on {HOST.NAME}</event_name>
            <priority>HIGH</priority>
        </trigger>
        <trigger>
            <expression>{Template TYPO3 8:web.test.rspcode[Frontend,Home].last()}&lt;&gt;200</expression>
            <name>Homepage not returns 200 response code</name>
            <event_name>Homepage not returns 200 response code on {HOST.HOST}</event_name>
            <priority>HIGH</priority>
        </trigger>
    </triggers>
</zabbix_export>
